,x,y,target,filename
0,-0.3080856699976253,-1.242354810063801,7,1.txt
1,-0.413240140470695,-0.4740623860827479,3,2.txt
2,-1.1938511442061348,0.331368837542154,6,3.txt
3,-0.2963249202582254,-0.9540427001474004,0,4.txt
4,-0.46754887018970853,1.2652009430620639,2,5.txt
